t_long	characters	replicates	mean_columns_after_removing_0000	w1_recovery	w1_tied_replicates	w2_recovery	w2_tied_replicates	w2c_mean_weight_of_true_topology	w2c_recovery
0.5	100	200	79.9	0.100000	12	0.597500	1	0.509925	0.580000
0.5	1000	200	797.5	0.000000	0	0.915000	0	0.821633	0.922500
0.5	10000	200	7972.5	0.000000	0	1.000000	0	0.999900	1.000000
0.5	100000	200	79742.3	0.000000	0	1.000000	0	1.000000	1.000000
1	100	200	86.3	0.005000	0	0.300000	15	0.298392	0.262500
1	1000	200	860.6	0.000000	0	0.655000	0	0.540092	0.652500
1	10000	200	8599.3	0.000000	0	0.980000	0	0.872950	0.980000
1	100000	200	86004.8	0.000000	0	1.000000	0	0.999850	1.000000
1.5	100	200	88.1	0.000000	0	0.208333	16	0.215983	0.140000
1.5	1000	200	879.4	0.000000	0	0.355000	2	0.306458	0.285000
1.5	10000	200	8799.4	0.000000	0	0.635000	0	0.545417	0.625000
1.5	100000	200	88027.0	0.000000	0	0.985000	0	0.906500	0.985000
