dataset	fraction	replicate	seed	species_command	genes_command	genome_command	fasta_sha256	species_tree_sha256	transfers_sha256
hgt_h000_r1	0	1	7001	iqtree2 --alisim species -t RANDOM{yh/30} -rlen 0.001 0.01 0.1 -m JC --length 10 -seed 7001	qmaws hgt-trees --species species.treefile --genes 1000 --gene-length 1000 --fraction 0 --seed 7001 --output genes	iqtree2 --alisim genome -Q genes/partitions.nex -t genes/gene_trees.nwk --out-format fasta -seed 57001	139fb31ef9bd2721f9d1e5eb39788dec45c7603c3fcd25e35810ac8a1e85441b	ff9f1687a4d0fb67438c34b9ff0f726429484c1c825afb6567ca48ee92059cbd	11b2062ac1df479b942881f5785254af5e1a98fd605c663e56e14b8aa4391327
hgt_h000_r2	0	2	7002	iqtree2 --alisim species -t RANDOM{yh/30} -rlen 0.001 0.01 0.1 -m JC --length 10 -seed 7002	qmaws hgt-trees --species species.treefile --genes 1000 --gene-length 1000 --fraction 0 --seed 7002 --output genes	iqtree2 --alisim genome -Q genes/partitions.nex -t genes/gene_trees.nwk --out-format fasta -seed 57002	e8c4010b383796b4cdf8a462165a5bccf5482bbd16d3cdf54c6adc783dc719d9	2be8cbf47c3dbbfbcc711555d67538be6d33fd722b3c21b494257708b3e11d64	11b2062ac1df479b942881f5785254af5e1a98fd605c663e56e14b8aa4391327
hgt_h000_r3	0	3	7003	iqtree2 --alisim species -t RANDOM{yh/30} -rlen 0.001 0.01 0.1 -m JC --length 10 -seed 7003	qmaws hgt-trees --species species.treefile --genes 1000 --gene-length 1000 --fraction 0 --seed 7003 --output genes	iqtree2 --alisim genome -Q genes/partitions.nex -t genes/gene_trees.nwk --out-format fasta -seed 57003	0a477b55bf6c262bcee67d13bab0ca740b9d38a1deda5efe717f04dac41277d6	fa7a733b8a0d37cf66a0427ffefe6545b4cdd9b720df0c710a397d9ac460fbe4	11b2062ac1df479b942881f5785254af5e1a98fd605c663e56e14b8aa4391327
hgt_h000_r4	0	4	7004	iqtree2 --alisim species -t RANDOM{yh/30} -rlen 0.001 0.01 0.1 -m JC --length 10 -seed 7004	qmaws hgt-trees --species species.treefile --genes 1000 --gene-length 1000 --fraction 0 --seed 7004 --output genes	iqtree2 --alisim genome -Q genes/partitions.nex -t genes/gene_trees.nwk --out-format fasta -seed 57004	1928b6d7b30098a136a01933d480fc97ec7d42b2c9fed15e9a72defe5c3f785e	5f5a9fbae8ce2b0060a9d967f9673622a0fa8c17f11acff00e9d19b5fa4bb409	11b2062ac1df479b942881f5785254af5e1a98fd605c663e56e14b8aa4391327
hgt_h000_r5	0	5	7005	iqtree2 --alisim species -t RANDOM{yh/30} -rlen 0.001 0.01 0.1 -m JC --length 10 -seed 7005	qmaws hgt-trees --species species.treefile --genes 1000 --gene-length 1000 --fraction 0 --seed 7005 --output genes	iqtree2 --alisim genome -Q genes/partitions.nex -t genes/gene_trees.nwk --out-format fasta -seed 57005	8bc0b392c268763da94519c1f81fb03037b11c02133e0e4a6d38d760c3b91691	88e6b78cb763052ff0bd1a0a31c386c42744de100025e4a0a15643398ea1c3ac	11b2062ac1df479b942881f5785254af5e1a98fd605c663e56e14b8aa4391327
hgt_h010_r1	0.1	1	7101	iqtree2 --alisim species -t RANDOM{yh/30} -rlen 0.001 0.01 0.1 -m JC --length 10 -seed 7101	qmaws hgt-trees --species species.treefile --genes 1000 --gene-length 1000 --fraction 0.1 --seed 7101 --output genes	iqtree2 --alisim genome -Q genes/partitions.nex -t genes/gene_trees.nwk --out-format fasta -seed 57101	90ff4366512e0357360316160048a534262df88b69e822fc6a18db13c77d67f0	71c7f0ae7055b8ba6efc82fadf42e8429fe60493ef4af7e7a68170469bf43264	ee92c36a1f16abe6fe866abd9e748e6f86682dd47ac00399ba16e1d2b2c2928c
hgt_h010_r2	0.1	2	7102	iqtree2 --alisim species -t RANDOM{yh/30} -rlen 0.001 0.01 0.1 -m JC --length 10 -seed 7102	qmaws hgt-trees --species species.treefile --genes 1000 --gene-length 1000 --fraction 0.1 --seed 7102 --output genes	iqtree2 --alisim genome -Q genes/partitions.nex -t genes/gene_trees.nwk --out-format fasta -seed 57102	5f975e6cbed5fcdd5c873e8044ee6efe2a5c1c9d113f04fc2bf45ec5df1ef846	6698c88208f209ba297b33790d1117045aa72a05f0da4f9dac438843c6ea9bbe	dbbb8889cfd647059b0cdecff669f13e14ba008d0b8ebf918cfab39a5fcadb37
hgt_h010_r3	0.1	3	7103	iqtree2 --alisim species -t RANDOM{yh/30} -rlen 0.001 0.01 0.1 -m JC --length 10 -seed 7103	qmaws hgt-trees --species species.treefile --genes 1000 --gene-length 1000 --fraction 0.1 --seed 7103 --output genes	iqtree2 --alisim genome -Q genes/partitions.nex -t genes/gene_trees.nwk --out-format fasta -seed 57103	cbf0e0c366887f19ce6e608162d86badf8f1d48628c738afccff4c3a45276fd5	54b7463656cf03716ab1cadb288c4c330bccb6396ee579594ace0d792dc95dfc	7ecc023b2e94f6a396e159ef7df9b8c952d7dbfad1f6a5659def9019576ad056
hgt_h010_r4	0.1	4	7104	iqtree2 --alisim species -t RANDOM{yh/30} -rlen 0.001 0.01 0.1 -m JC --length 10 -seed 7104	qmaws hgt-trees --species species.treefile --genes 1000 --gene-length 1000 --fraction 0.1 --seed 7104 --output genes	iqtree2 --alisim genome -Q genes/partitions.nex -t genes/gene_trees.nwk --out-format fasta -seed 57104	8560d2a63d3c7c2e82a2baa2d4d5d1ff9a9a36e1a8450d76243401ad9e1235d2	b4126d4cced026017cc9e2f5b404edbf650651f25d9758f0b2077f0c7c95945e	4aa3ad9cfbce970104040ba15e1a05ad3e414a4d3ca7d434b1d2140c5715919a
hgt_h010_r5	0.1	5	7105	iqtree2 --alisim species -t RANDOM{yh/30} -rlen 0.001 0.01 0.1 -m JC --length 10 -seed 7105	qmaws hgt-trees --species species.treefile --genes 1000 --gene-length 1000 --fraction 0.1 --seed 7105 --output genes	iqtree2 --alisim genome -Q genes/partitions.nex -t genes/gene_trees.nwk --out-format fasta -seed 57105	04cda3ae55e3151c3f0c4e70962ef2328360038d57c3b83fa15538943f649c54	59557a3e9a8fe8f8a565603a22aa839f089f445d7df59268dc31fda8aef21455	d4a592ad5cc7feb676ea987ec1aec9669b0fa3bd9648395f62306b40da3c08a4
hgt_h020_r1	0.2	1	7201	iqtree2 --alisim species -t RANDOM{yh/30} -rlen 0.001 0.01 0.1 -m JC --length 10 -seed 7201	qmaws hgt-trees --species species.treefile --genes 1000 --gene-length 1000 --fraction 0.2 --seed 7201 --output genes	iqtree2 --alisim genome -Q genes/partitions.nex -t genes/gene_trees.nwk --out-format fasta -seed 57201	898d0d8e410e777cbf82184f5316c3f342601b7318ac97a15f0956d77df0c2b0	6261e9db9446e8f6340410eef1dcd60849dff29b127d1a88ee9e1ec75f5a18a7	f7ecea362ce47589452c04cfdb378a171bc569b775b055886466e42c607315ac
hgt_h020_r2	0.2	2	7202	iqtree2 --alisim species -t RANDOM{yh/30} -rlen 0.001 0.01 0.1 -m JC --length 10 -seed 7202	qmaws hgt-trees --species species.treefile --genes 1000 --gene-length 1000 --fraction 0.2 --seed 7202 --output genes	iqtree2 --alisim genome -Q genes/partitions.nex -t genes/gene_trees.nwk --out-format fasta -seed 57202	23ca5545f0faec4aca023718044cbe1e2b1209c613ecc811ed1db54d4056fb3e	70c495ecbb72777f74b933faf61a087c8e67b075bc1f025b9ce49cb0180b97a9	652d3326e985b033f5a0a035fe42594e5ae9b41a487beb00685c780cb057e1fa
hgt_h020_r3	0.2	3	7203	iqtree2 --alisim species -t RANDOM{yh/30} -rlen 0.001 0.01 0.1 -m JC --length 10 -seed 7203	qmaws hgt-trees --species species.treefile --genes 1000 --gene-length 1000 --fraction 0.2 --seed 7203 --output genes	iqtree2 --alisim genome -Q genes/partitions.nex -t genes/gene_trees.nwk --out-format fasta -seed 57203	2a72e15c0ea62980bb9e33503cc61dade319c018d21cf066e24c670a05f07f38	4cbdde05ce57b452e5a20630168ec61d1c0dd60e0fada2f47cb0d8cd4262b6b2	005cb77ed3096c06bab73a7de156ec019c4a4fc8279f91110170422a93511798
hgt_h020_r4	0.2	4	7204	iqtree2 --alisim species -t RANDOM{yh/30} -rlen 0.001 0.01 0.1 -m JC --length 10 -seed 7204	qmaws hgt-trees --species species.treefile --genes 1000 --gene-length 1000 --fraction 0.2 --seed 7204 --output genes	iqtree2 --alisim genome -Q genes/partitions.nex -t genes/gene_trees.nwk --out-format fasta -seed 57204	0a4ca0b43eed83868b9658fb1b35abde3464a8c8756d6303f7eae183199e0ed1	232a62c547f31cb19f06c5fa4ebd557a7bd05060c91d11958e8d6a3b283280d1	63dfd1274627f7b9e6f71f29fff1ab99def3dbbd00e686a5e0354baf6dec3e72
hgt_h020_r5	0.2	5	7205	iqtree2 --alisim species -t RANDOM{yh/30} -rlen 0.001 0.01 0.1 -m JC --length 10 -seed 7205	qmaws hgt-trees --species species.treefile --genes 1000 --gene-length 1000 --fraction 0.2 --seed 7205 --output genes	iqtree2 --alisim genome -Q genes/partitions.nex -t genes/gene_trees.nwk --out-format fasta -seed 57205	dda2c6433a76b6544c955bd492eb472d459761d80cf80bef8c4fe2f4154df594	238d30bb98c8a2c299e52da58680e6177c20b05d736b128d2d846f6fb9f4134b	1e417e25ace90416a648c7900c3c3aef3fe75e6ac84982f60b131bceeba05cfd
hgt_h040_r1	0.4	1	7301	iqtree2 --alisim species -t RANDOM{yh/30} -rlen 0.001 0.01 0.1 -m JC --length 10 -seed 7301	qmaws hgt-trees --species species.treefile --genes 1000 --gene-length 1000 --fraction 0.4 --seed 7301 --output genes	iqtree2 --alisim genome -Q genes/partitions.nex -t genes/gene_trees.nwk --out-format fasta -seed 57301	3606a3be03095a3f1eb565e6febd52647bd335f927dd8a0e1571332baa92dc9d	6c915d5ed03fccc00255ad3dce610fdae138816f9d07452216197a7524f983e2	44b40032203a00e981a5a1fb32a58e5736c18716d554d1376b253f82798c8e2d
hgt_h040_r2	0.4	2	7302	iqtree2 --alisim species -t RANDOM{yh/30} -rlen 0.001 0.01 0.1 -m JC --length 10 -seed 7302	qmaws hgt-trees --species species.treefile --genes 1000 --gene-length 1000 --fraction 0.4 --seed 7302 --output genes	iqtree2 --alisim genome -Q genes/partitions.nex -t genes/gene_trees.nwk --out-format fasta -seed 57302	a3089aec755ff9f092d1c26f44c7f754d223e84daab84dcdeb94edc87877f0d3	f99b5c77ee4fc8ac19382cc3f617d6c1b7a33f87f4967b3ed9c245912e9e2cc6	63d1a0214f497ed963fc4a7896ca2201cf070bad12c68ed0426e10532672be4a
hgt_h040_r3	0.4	3	7303	iqtree2 --alisim species -t RANDOM{yh/30} -rlen 0.001 0.01 0.1 -m JC --length 10 -seed 7303	qmaws hgt-trees --species species.treefile --genes 1000 --gene-length 1000 --fraction 0.4 --seed 7303 --output genes	iqtree2 --alisim genome -Q genes/partitions.nex -t genes/gene_trees.nwk --out-format fasta -seed 57303	3f02676b339d3941664adb89cb2e0293d1d57968aca01fcd8c3ecd1e93e50a74	50d4bd2bad12729158be65002dc2ec8ed5ec379c0b276e8b8570c152dddbe0e7	1fcba2f6285d9005b0e32d60ccd9f83c78153f29a860dfbc9cd6e10b3aacc35c
hgt_h040_r4	0.4	4	7304	iqtree2 --alisim species -t RANDOM{yh/30} -rlen 0.001 0.01 0.1 -m JC --length 10 -seed 7304	qmaws hgt-trees --species species.treefile --genes 1000 --gene-length 1000 --fraction 0.4 --seed 7304 --output genes	iqtree2 --alisim genome -Q genes/partitions.nex -t genes/gene_trees.nwk --out-format fasta -seed 57304	d90fd95b68e4a7af3569a7f80f870c54938b9b8022f761fd128d14e79de5fb38	a5ae33d6704677c50c3d708ef1f232876d39c0bfd538119b0faeca1f43865115	eaa49a45c45071d7e14b8d8976ad7b8487fa53fdbeedadb68741023d46d92ddc
hgt_h040_r5	0.4	5	7305	iqtree2 --alisim species -t RANDOM{yh/30} -rlen 0.001 0.01 0.1 -m JC --length 10 -seed 7305	qmaws hgt-trees --species species.treefile --genes 1000 --gene-length 1000 --fraction 0.4 --seed 7305 --output genes	iqtree2 --alisim genome -Q genes/partitions.nex -t genes/gene_trees.nwk --out-format fasta -seed 57305	917ce556203efa5d8fbe4f865c202d993b26a6c4150b2b8e7018eb320a09aa09	ff7fb779f19fd158dbefa009b3ca983ea5f4e7b93d0ad1443f31d336dc3a1881	92e5cf201371e59c390711dbdd25cc4641e70e470b2a5d890fdd8084489106ec
