dataset	taxa	replicate	seed	length	command	fasta_sha256	tree_sha256
scaling_m25_r1	25	1	25001	1000000	iqtree2 --alisim alignment -t RANDOM{yh/25} -m JC --length 1000000 --out-format fasta -seed 25001	396d763fda2f55c7af94d6252ae1c0d32ba30bf951dcf01eab7c39073989febe	b0f7a95e17eac4e16acef104718c70eb9f51f56faacd328d3fc87d8c12838a6e
scaling_m25_r2	25	2	25002	1000000	iqtree2 --alisim alignment -t RANDOM{yh/25} -m JC --length 1000000 --out-format fasta -seed 25002	e22bf4108ea626323e4a363dbf94e89c3db837f0630efb4dd30e3b71ba8dc30f	78917d65fbd6a3495d07c6309f444e1d549a8217150c7eb0dfe4c156a3c8697f
scaling_m25_r3	25	3	25003	1000000	iqtree2 --alisim alignment -t RANDOM{yh/25} -m JC --length 1000000 --out-format fasta -seed 25003	a6cb716207a85e4b21bb7d269458082d29dec445c93e0fb56550e457247ff045	70429c941b770ca887891df96957915a4d47ad624b86559143f8759ff1181214
scaling_m50_r1	50	1	50001	1000000	iqtree2 --alisim alignment -t RANDOM{yh/50} -m JC --length 1000000 --out-format fasta -seed 50001	ef4c1335718272d8c0e71fdd8cdfbeacdfcb22247c3ba0950c8d36f50a6e00e4	a7d77505e3a641de0ebb2032cbe3fef975fbd75e12660b4eab3d97639982b952
scaling_m50_r2	50	2	50002	1000000	iqtree2 --alisim alignment -t RANDOM{yh/50} -m JC --length 1000000 --out-format fasta -seed 50002	c53af23029e3d367e940eacccde6ff9b8dcbe1734f04ffa167689b3c2ee4e665	a98a9ad70c099dee36eaa4ffe3438f8321e95f24c2d297446e4685cea2e9c2fe
scaling_m50_r3	50	3	50003	1000000	iqtree2 --alisim alignment -t RANDOM{yh/50} -m JC --length 1000000 --out-format fasta -seed 50003	a0a00f60c80e27eb5505000635fce1505a726bb0b4467ea274c115b6951bf2dd	a796bf3d35d89516aeed051bcf5b75445010655cdd4f11cfdf77188b47149363
scaling_m100_r1	100	1	100001	1000000	iqtree2 --alisim alignment -t RANDOM{yh/100} -m JC --length 1000000 --out-format fasta -seed 100001	0e2e1ad6952abef3b15c4018b0455331106ab8b6fd40519bd16a9761d7d03611	fa33a5de69d87d350734a97695c32fb932e161a72c45d2f2dbf8218c821069c6
scaling_m100_r2	100	2	100002	1000000	iqtree2 --alisim alignment -t RANDOM{yh/100} -m JC --length 1000000 --out-format fasta -seed 100002	33d8b3ef3343af4d7a7cdda248cae3cd977d7a5e703daadfb30606a3b07e5937	740385e83be8340d21706863f9421823150b06aae13f13eb2734d32002bd696c
scaling_m100_r3	100	3	100003	1000000	iqtree2 --alisim alignment -t RANDOM{yh/100} -m JC --length 1000000 --out-format fasta -seed 100003	65285a7577a939bf22f8284059e1be9cd77debc60cc8f499d49f9ae6759354f8	b6c937fbd161aab7063ad435a106f4e5848065a7e8fe621daa21872e22e86010
scaling_m200_r1	200	1	200001	1000000	iqtree2 --alisim alignment -t RANDOM{yh/200} -m JC --length 1000000 --out-format fasta -seed 200001	7a44b922e0bb8556775e2c3fa1ddee560bcf8a140c9e99c3147a948d2b79afe0	8c927b10f99e84a73efdc841eae5e495332a6aab706bac18d32950d0e98d7eb8
