# estimate	truth	edges_with_support	edges_in_true_tree
# results/h4/mlmaws/sim_hgt_0/ML_MAWS_tree.newick	data/references/sim_hgt.nwk	30	11
# results/h4/mlmaws/sim_hgt_250/ML_MAWS_tree.newick	data/references/sim_hgt.nwk	30	9
# results/h4/mlmaws/sim_hgt_500/ML_MAWS_tree.newick	data/references/sim_hgt.nwk	30	7
# results/h4/mlmaws/sim_hgt_750/ML_MAWS_tree.newick	data/references/sim_hgt.nwk	30	8
# results/h4/mlmaws/sim_hgt_1000/ML_MAWS_tree.newick	data/references/sim_hgt.nwk	30	7
# edges 150; ECE 0.200200 (10 equal-width bins)
bin_lower	bin_upper	edges	mean_support	fraction_in_true_tree
0.00	0.10	14	0.026429	0.000000
0.10	0.20	19	0.144737	0.052632
0.20	0.30	13	0.250769	0.076923
0.30	0.40	19	0.342632	0.157895
0.40	0.50	15	0.450667	0.133333
0.50	0.60	15	0.537333	0.266667
0.60	0.70	16	0.643125	0.375000
0.70	0.80	7	0.725714	0.714286
0.80	0.90	15	0.843333	0.400000
0.90	1.00	17	0.958824	0.823529
