gene	moved	attached_above
3	T25	T14,T5
4	T13,T18,T3,T8	T15,T19,T24
5	T12,T27,T28	T23
7	T10,T2,T20,T26	T21,T22,T29
10	T17,T4,T9	T22
11	T10,T2,T20,T26	T17,T4,T9
13	T2	T5
20	T9	T10,T11,T12,T2,T20,T25,T26,T27,T28,T30,T6
23	T6	T27
25	T10,T11,T12,T2,T20,T25,T26,T27,T28,T30,T6	T1
26	T11	T10
27	T16	T11,T12,T27,T28
30	T8	T19
31	T13	T30,T6
37	T19,T24	T22
38	T14,T5	T16
39	T25,T30,T6	T28
41	T16,T21,T22,T29,T7	T11,T12,T27,T28
44	T8	T10
46	T12,T28	T25,T30,T6
47	T21,T22,T29	T13,T15,T16,T18,T19,T24,T3,T7,T8
48	T16,T21,T22,T29,T7	T10,T11,T12,T17,T2,T20,T25,T26,T27,T28,T30,T4,T6,T9
51	T26	T9
53	T26	T4
55	T2	T22
57	T13,T15,T16,T18,T19,T21,T22,T24,T29,T3,T7,T8	T2
58	T10	T23
59	T15,T19,T24	T23
60	T16,T21,T22,T29	T17
62	T10,T11,T12,T2,T20,T25,T26,T27,T28,T30,T6	T1
63	T15,T19,T24	T18
64	T17,T4,T9	T8
69	T22	T4
74	T8	T10,T11,T12,T13,T15,T16,T17,T18,T19,T2,T20,T21,T22,T24,T25,T26,T27,T28,T29,T3,T30,T4,T6,T7,T9
75	T25	T10
83	T22,T29	T8
85	T23	T3
87	T25	T15,T16,T19,T21,T22,T24,T29,T7
89	T22,T29	T24
90	T19	T15,T24
91	T13,T15,T16,T18,T19,T21,T22,T24,T29,T3,T7,T8	T11
92	T15,T19,T24	T10,T26
96	T18,T8	T15
98	T14,T5	T18,T8
99	T1	T10
106	T28	T8
108	T21	T1
109	T18,T8	T5
111	T16,T21,T22,T29,T7	T18,T8
115	T8	T30,T6
116	T15,T19,T24	T9
119	T1	T30,T6
124	T19,T24	T10
125	T10,T2,T20,T26	T11,T12,T17,T25,T27,T28,T30,T4,T6,T9
128	T24	T1
129	T19	T2
131	T2	T12,T27,T28
132	T17,T4,T9	T3
136	T19,T24	T11,T12,T25,T27,T28,T30,T6
137	T19	T25
142	T8	T21
146	T10	T1
152	T1	T13,T18,T8
160	T30,T6	T10,T2,T20,T26
161	T19,T24	T20
165	T15,T16,T19,T21,T22,T24,T29,T7	T30,T6
168	T9	T10,T11,T12,T13,T15,T16,T17,T18,T19,T2,T20,T21,T22,T24,T25,T26,T27,T28,T29,T3,T30,T4,T6,T7,T8
172	T1	T10,T11,T12,T2,T20,T25,T26,T27,T28,T30,T6
174	T12,T28	T19,T24
176	T24	T5
178	T2	T3
180	T19	T25
188	T17,T4,T9	T29
191	T10	T13,T18,T3,T8
194	T19	T1
196	T22,T29	T19,T24
200	T13,T18,T3,T8	T7
205	T30,T6	T10
214	T10,T11,T12,T17,T2,T20,T25,T26,T27,T28,T30,T4,T6,T9	T15,T19,T24
218	T12,T27,T28	T10,T11,T17,T2,T20,T25,T26,T30,T4,T6,T9
220	T15	T17,T9
223	T28	T20
225	T16,T21,T22,T29	T18
227	T4	T14
236	T12,T27,T28	T17,T9
238	T13,T18,T8	T10,T26
239	T26	T5
244	T13,T15,T16,T18,T19,T21,T22,T24,T29,T3,T7,T8	T12,T28
247	T21,T22,T29	T2,T20
249	T13,T18,T8	T6
256	T20	T10,T11,T12,T13,T15,T16,T17,T18,T19,T2,T21,T22,T24,T25,T26,T27,T28,T29,T3,T30,T4,T6,T7,T8,T9
257	T10	T11
262	T16,T21,T22,T29	T13
263	T10,T2,T20,T26	T15,T19,T24
269	T5	T23
270	T15,T16,T19,T21,T22,T24,T29,T7	T17,T4,T9
272	T13,T18,T8	T1
273	T21,T22,T29	T2
276	T26	T22,T29
277	T15,T19,T24	T12,T27,T28
280	T10,T11,T12,T13,T15,T16,T17,T18,T19,T2,T20,T21,T22,T24,T25,T26,T27,T28,T29,T3,T30,T4,T6,T7,T8,T9	T5
290	T7	T11
297	T27	T25
300	T6	T16,T21,T22,T29
302	T23	T13,T18,T8
303	T13	T14
304	T14,T5	T2,T20
305	T15,T19,T24	T10,T11,T12,T17,T2,T20,T25,T26,T27,T28,T30,T4,T6,T9
307	T19	T21
309	T2	T16,T21,T22,T29,T7
312	T19,T24	T25,T30,T6
313	T7	T10,T11,T12,T13,T14,T15,T16,T17,T18,T19,T2,T20,T21,T22,T24,T25,T26,T27,T28,T29,T3,T30,T4,T5,T6,T8,T9
316	T15	T11,T12,T25,T27,T28,T30,T6
318	T1	T3
321	T22,T29	T30
322	T15,T16,T19,T21,T22,T24,T29,T7	T17
323	T25,T30,T6	T27
324	T13,T18,T3,T8	T20
325	T13	T15,T16,T18,T19,T21,T22,T24,T29,T3,T7,T8
327	T19	T16,T21,T22,T29,T7
331	T15,T16,T19,T21,T22,T24,T29,T7	T11,T12,T27,T28
336	T2	T11,T12,T25,T27,T28,T30,T6
339	T22,T29	T16
340	T24	T22,T29
342	T20	T6
344	T7	T1
346	T13	T8
349	T17,T4,T9	T14
355	T25	T14
356	T13,T15,T16,T18,T19,T21,T22,T24,T29,T3,T7,T8	T2,T20
357	T1	T30,T6
360	T2	T10,T11,T12,T20,T25,T26,T27,T28,T30,T6
361	T27	T14
363	T18,T8	T2,T20
365	T15	T12,T28
367	T27	T11,T12,T28
369	T10,T11,T12,T2,T20,T25,T26,T27,T28,T30,T6	T7
371	T14,T5	T22
372	T7	T22
377	T21,T22,T29	T8
380	T10	T21,T22,T29
382	T15	T22,T29
384	T10	T13,T18,T3,T8
388	T17,T9	T19,T24
390	T15	T20
395	T26	T17,T4,T9
399	T29	T16,T21,T22,T7
400	T18	T13
402	T16	T15
403	T27	T10,T11,T12,T13,T15,T16,T17,T18,T19,T2,T20,T21,T22,T24,T25,T26,T28,T29,T3,T30,T4,T6,T7,T8,T9
404	T21,T22,T29	T4
406	T25	T13
407	T13,T15,T16,T18,T19,T21,T22,T24,T29,T3,T7,T8	T14
411	T13,T15,T16,T18,T19,T21,T22,T24,T29,T3,T7,T8	T25
412	T16	T30
413	T26	T23
414	T20	T18,T8
415	T16	T26
416	T4	T8
417	T11,T12,T27,T28	T29
418	T23	T30
419	T19	T27
420	T16,T21,T22,T29,T7	T12,T28
427	T3	T15,T16,T19,T21,T22,T24,T29,T7
428	T13,T18,T8	T10,T11,T12,T17,T2,T20,T25,T26,T27,T28,T30,T4,T6,T9
429	T15,T19,T24	T13
430	T17,T4,T9	T11,T12,T25,T27,T28,T30,T6
432	T18,T8	T2
436	T6	T11
438	T14	T26
440	T10	T11,T12,T2,T20,T25,T26,T27,T28,T30,T6
446	T10,T11,T12,T2,T20,T25,T26,T27,T28,T30,T6	T14,T5
447	T7	T15,T16,T19,T21,T22,T24,T29
448	T9	T10,T11,T12,T2,T20,T25,T26,T27,T28,T30,T6
451	T2,T20	T14,T5
455	T20	T15,T19,T24
456	T25,T30,T6	T7
457	T15	T13,T18,T8
458	T2	T13,T15,T16,T18,T19,T21,T22,T24,T29,T3,T7,T8
461	T14	T17,T4,T9
469	T8	T13,T18,T3
471	T2	T10,T11,T12,T13,T15,T16,T17,T18,T19,T20,T21,T22,T24,T25,T26,T27,T28,T29,T3,T30,T4,T6,T7,T8,T9
474	T21,T22,T29	T30,T6
477	T24	T27
482	T12,T28	T1
485	T10,T11,T12,T17,T2,T20,T25,T26,T27,T28,T30,T4,T6,T9	T21,T22,T29
487	T17,T9	T30,T6
488	T16,T21,T22,T29,T7	T10,T11,T12,T2,T20,T25,T26,T27,T28,T30,T6
490	T5	T10,T26
491	T12	T30
493	T23	T28
494	T14,T5	T16,T21,T22,T29,T7
499	T10,T26	T12,T27,T28
501	T19	T12,T28
503	T27	T9
504	T18	T10,T11,T12,T13,T14,T15,T16,T17,T19,T2,T20,T21,T22,T24,T25,T26,T27,T28,T29,T3,T30,T4,T5,T6,T7,T8,T9
509	T11	T26
510	T8	T11,T12,T25,T27,T28,T30,T6
520	T2,T20	T21
522	T19	T11
525	T25	T5
526	T29	T12,T27,T28
531	T2,T20	T14,T5
534	T25	T10,T11,T12,T13,T14,T15,T16,T17,T18,T19,T2,T20,T21,T22,T24,T26,T27,T28,T29,T3,T30,T4,T5,T6,T7,T8,T9
538	T2,T20	T10,T11,T12,T13,T14,T15,T16,T17,T18,T19,T21,T22,T24,T25,T26,T27,T28,T29,T3,T30,T4,T5,T6,T7,T8,T9
539	T23	T6
542	T13,T18,T8	T12
543	T25	T17
544	T9	T10
545	T18	T26
548	T4	T11
549	T17,T4,T9	T22
555	T21	T15
556	T20	T3
557	T21	T16
558	T7	T15,T16,T19,T21,T22,T24,T29
560	T16,T21,T22,T29	T13,T18,T8
561	T12	T4
562	T13,T18,T3,T8	T25,T30,T6
563	T22,T29	T2,T20
564	T3	T11,T12,T27,T28
565	T10	T13,T15,T16,T18,T19,T21,T22,T24,T29,T3,T7,T8
567	T30,T6	T16
569	T11,T12,T25,T27,T28,T30,T6	T18
570	T16,T21,T22,T29,T7	T25,T30,T6
573	T17,T9	T12,T27,T28
575	T26	T10,T2,T20
576	T23	T3
579	T11,T12,T27,T28	T17,T9
582	T13,T15,T16,T18,T19,T21,T22,T24,T29,T3,T7,T8	T17
583	T28	T10,T11,T12,T17,T2,T20,T25,T26,T27,T30,T4,T6,T9
585	T25,T30,T6	T22,T29
589	T10,T26	T8
590	T25,T30,T6	T12
596	T16	T21
599	T10	T16
604	T15,T16,T19,T21,T22,T24,T29,T7	T3
605	T20	T17,T9
609	T8	T3
616	T12,T27,T28	T13,T18,T3,T8
626	T2	T10,T20,T26
627	T16,T21,T22,T29	T26
628	T17	T10,T11,T12,T2,T20,T25,T26,T27,T28,T30,T6
629	T11,T12,T27,T28	T16
633	T10,T11,T12,T13,T15,T16,T17,T18,T19,T2,T20,T21,T22,T24,T25,T26,T27,T28,T29,T3,T30,T4,T6,T7,T8,T9	T5
635	T12,T27,T28	T17,T4,T9
637	T13,T18,T3,T8	T22
638	T27	T10,T11,T12,T2,T20,T25,T26,T28,T30,T6
639	T3	T21,T22,T29
640	T22	T26
643	T19,T24	T16
645	T16	T21
647	T27	T10,T2,T20,T26
648	T15,T16,T19,T21,T22,T24,T29,T7	T25,T30,T6
649	T3	T2
652	T22,T29	T26
655	T10	T3
656	T29	T21
657	T17	T21,T22,T29
658	T10,T11,T12,T2,T20,T25,T26,T27,T28,T30,T6	T5
659	T10	T11
660	T11,T12,T27,T28	T17
662	T16	T17,T4,T9
664	T18,T8	T1
665	T8	T10,T11,T12,T13,T14,T15,T16,T17,T18,T19,T2,T20,T21,T22,T24,T25,T26,T27,T28,T29,T3,T30,T4,T5,T6,T7,T9
672	T3	T17,T9
673	T13,T15,T16,T18,T19,T21,T22,T24,T29,T3,T7,T8	T11,T12,T27,T28
675	T19	T20
683	T14	T23
686	T15,T16,T19,T21,T22,T24,T29,T7	T12,T27,T28
688	T29	T15,T16,T19,T21,T22,T24,T7
697	T13	T6
698	T2,T20	T23
699	T10,T11,T12,T13,T15,T16,T17,T18,T19,T2,T20,T21,T22,T24,T25,T26,T27,T28,T29,T3,T30,T4,T6,T7,T8,T9	T14
702	T9	T11
704	T25,T30,T6	T5
705	T17,T4,T9	T25,T30,T6
708	T15	T4
709	T17	T13,T18,T8
710	T10,T26	T15,T16,T19,T21,T22,T24,T29,T7
713	T28	T18
714	T10,T26	T9
715	T1	T10,T26
717	T17	T30,T6
718	T21	T10,T11,T12,T13,T15,T16,T17,T18,T19,T2,T20,T22,T24,T25,T26,T27,T28,T29,T3,T30,T4,T6,T7,T8,T9
720	T22,T29	T16
722	T26	T2
726	T14,T5	T8
728	T30	T16
729	T18	T10
730	T9	T22
731	T9	T26
735	T30,T6	T13,T18,T8
736	T9	T15,T16,T19,T21,T22,T24,T29,T7
741	T10,T11,T12,T17,T2,T20,T25,T26,T27,T28,T30,T4,T6,T9	T14,T5
744	T2	T30,T6
747	T13,T18,T3,T8	T12,T28
748	T25,T30,T6	T18,T8
749	T25,T30,T6	T21,T22,T29
750	T1	T21,T22,T29
751	T25	T21
752	T10,T26	T12
753	T20	T14,T5
757	T17,T4,T9	T18
758	T13,T18,T8	T1
759	T4	T11
760	T19	T8
761	T17,T9	T11,T12,T27,T28
764	T13	T10,T11,T12,T2,T20,T25,T26,T27,T28,T30,T6
765	T13,T15,T16,T18,T19,T21,T22,T24,T29,T3,T7,T8	T11
767	T7	T13,T18,T8
771	T17,T9	T10,T11,T12,T2,T20,T25,T26,T27,T28,T30,T4,T6
772	T14,T5	T13,T18,T8
775	T2	T10,T11,T12,T13,T15,T16,T17,T18,T19,T20,T21,T22,T24,T25,T26,T27,T28,T29,T3,T30,T4,T6,T7,T8,T9
777	T14,T5	T10,T11,T12,T2,T20,T25,T26,T27,T28,T30,T6
778	T18	T19,T24
780	T17,T9	T10,T11,T12,T13,T15,T16,T18,T19,T2,T20,T21,T22,T24,T25,T26,T27,T28,T29,T3,T30,T4,T6,T7,T8
782	T15,T16,T19,T21,T22,T24,T29,T7	T5
783	T25,T30,T6	T17,T4,T9
790	T17,T4,T9	T15,T19,T24
794	T13,T15,T16,T18,T19,T21,T22,T24,T29,T3,T7,T8	T11,T12,T25,T27,T28,T30,T6
796	T26	T29
797	T10,T11,T12,T17,T2,T20,T25,T26,T27,T28,T30,T4,T6,T9	T7
799	T28	T1
802	T17,T9	T16,T21,T22,T29,T7
803	T25	T10,T11,T12,T2,T20,T26,T27,T28,T30,T6
804	T11,T12,T25,T27,T28,T30,T6	T15,T16,T19,T21,T22,T24,T29,T7
805	T10,T11,T12,T13,T15,T16,T17,T18,T19,T2,T20,T21,T22,T24,T25,T26,T27,T28,T29,T3,T30,T4,T6,T7,T8,T9	T23
808	T22,T29	T1
812	T18	T16,T21,T22,T29
816	T4	T11,T12,T27,T28
818	T14	T1
822	T11	T28
823	T13,T18,T8	T25
825	T25	T17,T9
826	T7	T27
827	T16	T13
829	T29	T21
832	T13,T15,T16,T18,T19,T21,T22,T24,T29,T3,T7,T8	T12,T28
841	T17,T4,T9	T14
845	T29	T19
847	T11,T12,T25,T27,T28,T30,T6	T16,T21,T22,T29
848	T26	T12,T27,T28
849	T21,T22,T29	T12,T27,T28
852	T30	T14
857	T13,T18,T3,T8	T28
860	T11,T12,T25,T27,T28,T30,T6	T13
861	T1	T21
862	T9	T10,T11,T12,T13,T15,T16,T17,T18,T19,T2,T20,T21,T22,T24,T25,T26,T27,T28,T29,T3,T30,T4,T6,T7,T8
864	T13,T18,T3,T8	T21,T22,T29
865	T14	T20
874	T6	T4
875	T25	T28
876	T5	T26
883	T21	T16,T22,T29,T7
885	T8	T10,T11,T12,T13,T14,T15,T16,T17,T18,T19,T2,T20,T21,T22,T24,T25,T26,T27,T28,T29,T3,T30,T4,T5,T6,T7,T9
886	T12	T10,T26
887	T16,T21,T22,T29,T7	T10,T11,T12,T17,T2,T20,T25,T26,T27,T28,T30,T4,T6,T9
891	T15,T19,T24	T17,T4,T9
893	T25,T30,T6	T10,T11,T12,T13,T14,T15,T16,T17,T18,T19,T2,T20,T21,T22,T24,T26,T27,T28,T29,T3,T4,T5,T7,T8,T9
895	T12	T25,T30,T6
900	T10,T11,T12,T2,T20,T25,T26,T27,T28,T30,T6	T22,T29
905	T16	T8
909	T30	T8
910	T30,T6	T21
914	T17,T4,T9	T12,T28
916	T18	T15,T19,T24
918	T19	T11
919	T12,T27,T28	T10,T2,T20,T26
920	T17,T9	T10,T11,T12,T13,T15,T16,T18,T19,T2,T20,T21,T22,T24,T25,T26,T27,T28,T29,T3,T30,T4,T6,T7,T8
922	T27	T11,T12,T28
923	T16	T10,T2,T20,T26
927	T13,T15,T16,T18,T19,T21,T22,T24,T29,T3,T7,T8	T11,T12,T27,T28
931	T11,T12,T27,T28	T16
932	T28	T17,T9
933	T22	T17
935	T13,T18,T8	T6
939	T8	T10,T26
945	T12,T28	T25
946	T4	T11,T12,T27,T28
949	T25	T16
952	T7	T13,T18,T8
953	T2,T20	T10,T11,T12,T13,T15,T16,T17,T18,T19,T21,T22,T24,T25,T26,T27,T28,T29,T3,T30,T4,T6,T7,T8,T9
955	T18,T8	T26
957	T21	T16,T22,T29,T7
960	T26	T10,T11,T12,T13,T15,T16,T17,T18,T19,T2,T20,T21,T22,T24,T25,T27,T28,T29,T3,T30,T4,T6,T7,T8,T9
961	T4	T18,T8
964	T2,T20	T13,T15,T16,T18,T19,T21,T22,T24,T29,T3,T7,T8
968	T6	T23
973	T18,T8	T15,T19,T24
975	T2,T20	T10,T11,T12,T25,T26,T27,T28,T30,T6
976	T15,T19,T24	T27
977	T10,T2,T20,T26	T25,T30,T6
984	T14,T5	T12,T27,T28
985	T30,T6	T17,T9
986	T5	T16,T21,T22,T29,T7
990	T2,T20	T12,T27,T28
996	T12,T28	T19
997	T1	T7
999	T10	T13,T18,T3,T8
