# source: Open Tree of Life taxonomy 3.7, family
taxon	group
NC_009058	Cichlidae
NC_009059	Embiotocidae
NC_009060	Embiotocidae
NC_009062	Cichlidae
NC_009063	Cichlidae
NC_009064	Pomacentridae
NC_009065	Pomacentridae
NC_009066	Labridae
NC_009067	Labridae
NC_009459	Labridae
NC_010205	Labridae
NC_011168	Cichlidae
NC_011169	Cichlidae
NC_011170	Cichlidae
NC_011171	Cichlidae
NC_011177	Cichlidae
NC_011179	Cichlidae
NC_012055	Labridae
NC_013564	Alepocephalidae
NC_013577	Alepocephalidae
NC_013663	Cichlidae
NC_013750	Cichlidae
NC_018814	Cichlidae
