edge	size	s2	replicates	clade
1	2	0.350000	35	F2a2457T,F5b8401
2	3	0.640000	64	F2a2457T,F2a301,F5b8401
3	2	1.000000	100	IAI39,SMS35
4	5	0.000000	0	F2a2457T,F2a301,F5b8401,IAI39,SMS35
5	2	0.980000	98	B18BS512,B4Sb227
6	3	0.740000	74	B18BS512,B4Sb227,D1Sd197
7	4	0.000000	0	B18BS512,B4Sb227,D1Sd197,SSSs046
8	9	1.000000	100	B18BS512,B4Sb227,D1Sd197,F2a2457T,F2a301,F5b8401,IAI39,SMS35,SSSs046
9	10	0.140000	14	B18BS512,B4Sb227,D1Sd197,F2a2457T,F2a301,F5b8401,IAI39,SMS35,SSSs046,W3110
10	2	0.000000	0	APEC01,S88
11	3	1.000000	100	APEC01,S88,UTI89
12	2	1.000000	100	536,CFT073
13	5	1.000000	100	536,APEC01,CFT073,S88,UTI89
14	6	1.000000	100	536,APEC01,CFT073,ED1a,S88,UTI89
15	7	1.000000	100	536,APEC01,CFT073,E234869,ED1a,S88,UTI89
16	8	1.000000	100	536,APEC01,CFT073,E234869,ED1a,S88,UMN026,UTI89
17	2	0.000000	0	DH10B,MG1655
18	3	0.010000	1	BW2952,DH10B,MG1655
19	11	0.010000	1	536,APEC01,BW2952,CFT073,DH10B,E234869,ED1a,MG1655,S88,UMN026,UTI89
20	2	1.000000	100	EDL933,Sakai
21	3	1.000000	100	CB9615,EDL933,Sakai
22	2	1.000000	100	E24377A,SE11
23	3	1.000000	100	E24377A,IAI1,SE11
24	6	0.870000	87	CB9615,E24377A,EDL933,IAI1,SE11,Sakai
25	7	0.870000	87	CB9615,E24377A,EDL933,HS,IAI1,SE11,Sakai
26	8	0.990000	99	ATCC8739,CB9615,E24377A,EDL933,HS,IAI1,SE11,Sakai
