method,variant,dataset,dataset_label,metric,value,status,source
ML-MAWS,IQ-TREE (strand),ecoli,E. coli–Shigella (29 taxa),nRF,0.538,reported,"Saha, Das, Sarkar and Hasan, ML-MAWS, arXiv:2606.25584v2 (2026-07-17), Table III; HTML version read 2026-10-03"
ML-MAWS,IQ-TREE (strand),ecoli,E. coli–Shigella (29 taxa),nQD,0.247,reported,"Saha, Das, Sarkar and Hasan, ML-MAWS, arXiv:2606.25584v2 (2026-07-17), Table III; HTML version read 2026-10-03"
ML-MAWS,IQ-TREE (strand),ecoli,E. coli–Shigella (29 taxa),avg_bootstrap_percent,83.3,reported,"Saha, Das, Sarkar and Hasan, ML-MAWS, arXiv:2606.25584v2 (2026-07-17), Table III; HTML version read 2026-10-03"
ML-MAWS,IQ-TREE (strand),ecoli,E. coli–Shigella (29 taxa),branches_ge_70_percent,84.6,reported,"Saha, Das, Sarkar and Hasan, ML-MAWS, arXiv:2606.25584v2 (2026-07-17), Table III; HTML version read 2026-10-03"
ML-MAWS,NoStrand,ecoli,E. coli–Shigella (29 taxa),nRF,0.654,reported,"Saha, Das, Sarkar and Hasan, ML-MAWS, arXiv:2606.25584v2 (2026-07-17), Table III; HTML version read 2026-10-03"
ML-MAWS,NoStrand,ecoli,E. coli–Shigella (29 taxa),nQD,0.417,reported,"Saha, Das, Sarkar and Hasan, ML-MAWS, arXiv:2606.25584v2 (2026-07-17), Table III; HTML version read 2026-10-03"
ML-MAWS,NoStrand,ecoli,E. coli–Shigella (29 taxa),avg_bootstrap_percent,88.4,reported,"Saha, Das, Sarkar and Hasan, ML-MAWS, arXiv:2606.25584v2 (2026-07-17), Table III; HTML version read 2026-10-03"
ML-MAWS,NoStrand,ecoli,E. coli–Shigella (29 taxa),branches_ge_70_percent,80.8,reported,"Saha, Das, Sarkar and Hasan, ML-MAWS, arXiv:2606.25584v2 (2026-07-17), Table III; HTML version read 2026-10-03"
ML-MAWS,IQ-TREE (strand),ecoli_shigella_hgt,E. coli–Shigella HGT (27 taxa),nRF,0.583,reported,"Saha, Das, Sarkar and Hasan, ML-MAWS, arXiv:2606.25584v2 (2026-07-17), Table III; HTML version read 2026-10-03"
ML-MAWS,IQ-TREE (strand),ecoli_shigella_hgt,E. coli–Shigella HGT (27 taxa),nQD,0.321,reported,"Saha, Das, Sarkar and Hasan, ML-MAWS, arXiv:2606.25584v2 (2026-07-17), Table III; HTML version read 2026-10-03"
ML-MAWS,IQ-TREE (strand),ecoli_shigella_hgt,E. coli–Shigella HGT (27 taxa),avg_bootstrap_percent,92.3,reported,"Saha, Das, Sarkar and Hasan, ML-MAWS, arXiv:2606.25584v2 (2026-07-17), Table III; HTML version read 2026-10-03"
ML-MAWS,IQ-TREE (strand),ecoli_shigella_hgt,E. coli–Shigella HGT (27 taxa),branches_ge_70_percent,87.5,reported,"Saha, Das, Sarkar and Hasan, ML-MAWS, arXiv:2606.25584v2 (2026-07-17), Table III; HTML version read 2026-10-03"
ML-MAWS,NoStrand,ecoli_shigella_hgt,E. coli–Shigella HGT (27 taxa),nRF,0.750,reported,"Saha, Das, Sarkar and Hasan, ML-MAWS, arXiv:2606.25584v2 (2026-07-17), Table III; HTML version read 2026-10-03"
ML-MAWS,NoStrand,ecoli_shigella_hgt,E. coli–Shigella HGT (27 taxa),nQD,0.406,reported,"Saha, Das, Sarkar and Hasan, ML-MAWS, arXiv:2606.25584v2 (2026-07-17), Table III; HTML version read 2026-10-03"
ML-MAWS,NoStrand,ecoli_shigella_hgt,E. coli–Shigella HGT (27 taxa),avg_bootstrap_percent,79.1,reported,"Saha, Das, Sarkar and Hasan, ML-MAWS, arXiv:2606.25584v2 (2026-07-17), Table III; HTML version read 2026-10-03"
ML-MAWS,NoStrand,ecoli_shigella_hgt,E. coli–Shigella HGT (27 taxa),branches_ge_70_percent,70.8,reported,"Saha, Das, Sarkar and Hasan, ML-MAWS, arXiv:2606.25584v2 (2026-07-17), Table III; HTML version read 2026-10-03"
ML-MAWS,IQ-TREE (strand),fish_mito,Fish mtDNA (25 taxa),nRF,0.409,reported,"Saha, Das, Sarkar and Hasan, ML-MAWS, arXiv:2606.25584v2 (2026-07-17), Table III; HTML version read 2026-10-03"
ML-MAWS,IQ-TREE (strand),fish_mito,Fish mtDNA (25 taxa),nQD,0.185,reported,"Saha, Das, Sarkar and Hasan, ML-MAWS, arXiv:2606.25584v2 (2026-07-17), Table III; HTML version read 2026-10-03"
ML-MAWS,IQ-TREE (strand),fish_mito,Fish mtDNA (25 taxa),avg_bootstrap_percent,84.3,reported,"Saha, Das, Sarkar and Hasan, ML-MAWS, arXiv:2606.25584v2 (2026-07-17), Table III; HTML version read 2026-10-03"
ML-MAWS,IQ-TREE (strand),fish_mito,Fish mtDNA (25 taxa),branches_ge_70_percent,77.3,reported,"Saha, Das, Sarkar and Hasan, ML-MAWS, arXiv:2606.25584v2 (2026-07-17), Table III; HTML version read 2026-10-03"
ML-MAWS,NoStrand,fish_mito,Fish mtDNA (25 taxa),nRF,0.182,reported,"Saha, Das, Sarkar and Hasan, ML-MAWS, arXiv:2606.25584v2 (2026-07-17), Table III; HTML version read 2026-10-03"
ML-MAWS,NoStrand,fish_mito,Fish mtDNA (25 taxa),nQD,0.070,reported,"Saha, Das, Sarkar and Hasan, ML-MAWS, arXiv:2606.25584v2 (2026-07-17), Table III; HTML version read 2026-10-03"
ML-MAWS,NoStrand,fish_mito,Fish mtDNA (25 taxa),avg_bootstrap_percent,96.9,reported,"Saha, Das, Sarkar and Hasan, ML-MAWS, arXiv:2606.25584v2 (2026-07-17), Table III; HTML version read 2026-10-03"
ML-MAWS,NoStrand,fish_mito,Fish mtDNA (25 taxa),branches_ge_70_percent,100.0,reported,"Saha, Das, Sarkar and Hasan, ML-MAWS, arXiv:2606.25584v2 (2026-07-17), Table III; HTML version read 2026-10-03"
ML-MAWS,IQ-TREE (strand),yersinia_hgt,Yersinia HGT (8 taxa),nRF,1.000,reported,"Saha, Das, Sarkar and Hasan, ML-MAWS, arXiv:2606.25584v2 (2026-07-17), Table III; HTML version read 2026-10-03"
ML-MAWS,IQ-TREE (strand),yersinia_hgt,Yersinia HGT (8 taxa),nQD,0.671,reported,"Saha, Das, Sarkar and Hasan, ML-MAWS, arXiv:2606.25584v2 (2026-07-17), Table III; HTML version read 2026-10-03"
ML-MAWS,IQ-TREE (strand),yersinia_hgt,Yersinia HGT (8 taxa),avg_bootstrap_percent,53.6,reported,"Saha, Das, Sarkar and Hasan, ML-MAWS, arXiv:2606.25584v2 (2026-07-17), Table III; HTML version read 2026-10-03"
ML-MAWS,IQ-TREE (strand),yersinia_hgt,Yersinia HGT (8 taxa),branches_ge_70_percent,20.0,reported,"Saha, Das, Sarkar and Hasan, ML-MAWS, arXiv:2606.25584v2 (2026-07-17), Table III; HTML version read 2026-10-03"
ML-MAWS,NoStrand,yersinia_hgt,Yersinia HGT (8 taxa),nRF,1.000,reported,"Saha, Das, Sarkar and Hasan, ML-MAWS, arXiv:2606.25584v2 (2026-07-17), Table III; HTML version read 2026-10-03"
ML-MAWS,NoStrand,yersinia_hgt,Yersinia HGT (8 taxa),nQD,0.657,reported,"Saha, Das, Sarkar and Hasan, ML-MAWS, arXiv:2606.25584v2 (2026-07-17), Table III; HTML version read 2026-10-03"
ML-MAWS,NoStrand,yersinia_hgt,Yersinia HGT (8 taxa),avg_bootstrap_percent,63.4,reported,"Saha, Das, Sarkar and Hasan, ML-MAWS, arXiv:2606.25584v2 (2026-07-17), Table III; HTML version read 2026-10-03"
ML-MAWS,NoStrand,yersinia_hgt,Yersinia HGT (8 taxa),branches_ge_70_percent,40.0,reported,"Saha, Das, Sarkar and Hasan, ML-MAWS, arXiv:2606.25584v2 (2026-07-17), Table III; HTML version read 2026-10-03"
ML-MAWS,IQ-TREE (strand),sim_hgt_0,Simulated HGT=0 (33 taxa),nRF,0.533,reported,"Saha, Das, Sarkar and Hasan, ML-MAWS, arXiv:2606.25584v2 (2026-07-17), Table III; HTML version read 2026-10-03"
ML-MAWS,IQ-TREE (strand),sim_hgt_0,Simulated HGT=0 (33 taxa),nQD,0.212,reported,"Saha, Das, Sarkar and Hasan, ML-MAWS, arXiv:2606.25584v2 (2026-07-17), Table III; HTML version read 2026-10-03"
ML-MAWS,IQ-TREE (strand),sim_hgt_0,Simulated HGT=0 (33 taxa),avg_bootstrap_percent,71.1,reported,"Saha, Das, Sarkar and Hasan, ML-MAWS, arXiv:2606.25584v2 (2026-07-17), Table III; HTML version read 2026-10-03"
ML-MAWS,IQ-TREE (strand),sim_hgt_0,Simulated HGT=0 (33 taxa),branches_ge_70_percent,53.3,reported,"Saha, Das, Sarkar and Hasan, ML-MAWS, arXiv:2606.25584v2 (2026-07-17), Table III; HTML version read 2026-10-03"
ML-MAWS,NoStrand,sim_hgt_0,Simulated HGT=0 (33 taxa),nRF,0.733,reported,"Saha, Das, Sarkar and Hasan, ML-MAWS, arXiv:2606.25584v2 (2026-07-17), Table III; HTML version read 2026-10-03"
ML-MAWS,NoStrand,sim_hgt_0,Simulated HGT=0 (33 taxa),nQD,0.374,reported,"Saha, Das, Sarkar and Hasan, ML-MAWS, arXiv:2606.25584v2 (2026-07-17), Table III; HTML version read 2026-10-03"
ML-MAWS,NoStrand,sim_hgt_0,Simulated HGT=0 (33 taxa),avg_bootstrap_percent,45.7,reported,"Saha, Das, Sarkar and Hasan, ML-MAWS, arXiv:2606.25584v2 (2026-07-17), Table III; HTML version read 2026-10-03"
ML-MAWS,NoStrand,sim_hgt_0,Simulated HGT=0 (33 taxa),branches_ge_70_percent,33.3,reported,"Saha, Das, Sarkar and Hasan, ML-MAWS, arXiv:2606.25584v2 (2026-07-17), Table III; HTML version read 2026-10-03"
ML-MAWS,IQ-TREE (strand),sim_hgt_250,Simulated HGT=250 (33 taxa),nRF,0.700,reported,"Saha, Das, Sarkar and Hasan, ML-MAWS, arXiv:2606.25584v2 (2026-07-17), Table III; HTML version read 2026-10-03"
ML-MAWS,IQ-TREE (strand),sim_hgt_250,Simulated HGT=250 (33 taxa),nQD,0.357,reported,"Saha, Das, Sarkar and Hasan, ML-MAWS, arXiv:2606.25584v2 (2026-07-17), Table III; HTML version read 2026-10-03"
ML-MAWS,IQ-TREE (strand),sim_hgt_250,Simulated HGT=250 (33 taxa),avg_bootstrap_percent,62.1,reported,"Saha, Das, Sarkar and Hasan, ML-MAWS, arXiv:2606.25584v2 (2026-07-17), Table III; HTML version read 2026-10-03"
ML-MAWS,IQ-TREE (strand),sim_hgt_250,Simulated HGT=250 (33 taxa),branches_ge_70_percent,46.7,reported,"Saha, Das, Sarkar and Hasan, ML-MAWS, arXiv:2606.25584v2 (2026-07-17), Table III; HTML version read 2026-10-03"
ML-MAWS,NoStrand,sim_hgt_250,Simulated HGT=250 (33 taxa),nRF,0.633,reported,"Saha, Das, Sarkar and Hasan, ML-MAWS, arXiv:2606.25584v2 (2026-07-17), Table III; HTML version read 2026-10-03"
ML-MAWS,NoStrand,sim_hgt_250,Simulated HGT=250 (33 taxa),nQD,0.358,reported,"Saha, Das, Sarkar and Hasan, ML-MAWS, arXiv:2606.25584v2 (2026-07-17), Table III; HTML version read 2026-10-03"
ML-MAWS,NoStrand,sim_hgt_250,Simulated HGT=250 (33 taxa),avg_bootstrap_percent,52.9,reported,"Saha, Das, Sarkar and Hasan, ML-MAWS, arXiv:2606.25584v2 (2026-07-17), Table III; HTML version read 2026-10-03"
ML-MAWS,NoStrand,sim_hgt_250,Simulated HGT=250 (33 taxa),branches_ge_70_percent,36.7,reported,"Saha, Das, Sarkar and Hasan, ML-MAWS, arXiv:2606.25584v2 (2026-07-17), Table III; HTML version read 2026-10-03"
ML-MAWS,IQ-TREE (strand),sim_hgt_500,Simulated HGT=500 (33 taxa),nRF,0.733,reported,"Saha, Das, Sarkar and Hasan, ML-MAWS, arXiv:2606.25584v2 (2026-07-17), Table III; HTML version read 2026-10-03"
ML-MAWS,IQ-TREE (strand),sim_hgt_500,Simulated HGT=500 (33 taxa),nQD,0.403,reported,"Saha, Das, Sarkar and Hasan, ML-MAWS, arXiv:2606.25584v2 (2026-07-17), Table III; HTML version read 2026-10-03"
ML-MAWS,IQ-TREE (strand),sim_hgt_500,Simulated HGT=500 (33 taxa),avg_bootstrap_percent,46.9,reported,"Saha, Das, Sarkar and Hasan, ML-MAWS, arXiv:2606.25584v2 (2026-07-17), Table III; HTML version read 2026-10-03"
ML-MAWS,IQ-TREE (strand),sim_hgt_500,Simulated HGT=500 (33 taxa),branches_ge_70_percent,30.0,reported,"Saha, Das, Sarkar and Hasan, ML-MAWS, arXiv:2606.25584v2 (2026-07-17), Table III; HTML version read 2026-10-03"
ML-MAWS,NoStrand,sim_hgt_500,Simulated HGT=500 (33 taxa),nRF,0.667,reported,"Saha, Das, Sarkar and Hasan, ML-MAWS, arXiv:2606.25584v2 (2026-07-17), Table III; HTML version read 2026-10-03"
ML-MAWS,NoStrand,sim_hgt_500,Simulated HGT=500 (33 taxa),nQD,0.435,reported,"Saha, Das, Sarkar and Hasan, ML-MAWS, arXiv:2606.25584v2 (2026-07-17), Table III; HTML version read 2026-10-03"
ML-MAWS,NoStrand,sim_hgt_500,Simulated HGT=500 (33 taxa),avg_bootstrap_percent,35.5,reported,"Saha, Das, Sarkar and Hasan, ML-MAWS, arXiv:2606.25584v2 (2026-07-17), Table III; HTML version read 2026-10-03"
ML-MAWS,NoStrand,sim_hgt_500,Simulated HGT=500 (33 taxa),branches_ge_70_percent,23.3,reported,"Saha, Das, Sarkar and Hasan, ML-MAWS, arXiv:2606.25584v2 (2026-07-17), Table III; HTML version read 2026-10-03"
ML-MAWS,IQ-TREE (strand),sim_hgt_750,Simulated HGT=750 (33 taxa),nRF,0.733,reported,"Saha, Das, Sarkar and Hasan, ML-MAWS, arXiv:2606.25584v2 (2026-07-17), Table III; HTML version read 2026-10-03"
ML-MAWS,IQ-TREE (strand),sim_hgt_750,Simulated HGT=750 (33 taxa),nQD,0.379,reported,"Saha, Das, Sarkar and Hasan, ML-MAWS, arXiv:2606.25584v2 (2026-07-17), Table III; HTML version read 2026-10-03"
ML-MAWS,IQ-TREE (strand),sim_hgt_750,Simulated HGT=750 (33 taxa),avg_bootstrap_percent,45.6,reported,"Saha, Das, Sarkar and Hasan, ML-MAWS, arXiv:2606.25584v2 (2026-07-17), Table III; HTML version read 2026-10-03"
ML-MAWS,IQ-TREE (strand),sim_hgt_750,Simulated HGT=750 (33 taxa),branches_ge_70_percent,26.7,reported,"Saha, Das, Sarkar and Hasan, ML-MAWS, arXiv:2606.25584v2 (2026-07-17), Table III; HTML version read 2026-10-03"
ML-MAWS,NoStrand,sim_hgt_750,Simulated HGT=750 (33 taxa),nRF,0.600,reported,"Saha, Das, Sarkar and Hasan, ML-MAWS, arXiv:2606.25584v2 (2026-07-17), Table III; HTML version read 2026-10-03"
ML-MAWS,NoStrand,sim_hgt_750,Simulated HGT=750 (33 taxa),nQD,0.422,reported,"Saha, Das, Sarkar and Hasan, ML-MAWS, arXiv:2606.25584v2 (2026-07-17), Table III; HTML version read 2026-10-03"
ML-MAWS,NoStrand,sim_hgt_750,Simulated HGT=750 (33 taxa),avg_bootstrap_percent,44.0,reported,"Saha, Das, Sarkar and Hasan, ML-MAWS, arXiv:2606.25584v2 (2026-07-17), Table III; HTML version read 2026-10-03"
ML-MAWS,NoStrand,sim_hgt_750,Simulated HGT=750 (33 taxa),branches_ge_70_percent,30.0,reported,"Saha, Das, Sarkar and Hasan, ML-MAWS, arXiv:2606.25584v2 (2026-07-17), Table III; HTML version read 2026-10-03"
ML-MAWS,IQ-TREE (strand),sim_hgt_1000,Simulated HGT=1000 (33 taxa),nRF,0.700,reported,"Saha, Das, Sarkar and Hasan, ML-MAWS, arXiv:2606.25584v2 (2026-07-17), Table III; HTML version read 2026-10-03"
ML-MAWS,IQ-TREE (strand),sim_hgt_1000,Simulated HGT=1000 (33 taxa),nQD,0.314,reported,"Saha, Das, Sarkar and Hasan, ML-MAWS, arXiv:2606.25584v2 (2026-07-17), Table III; HTML version read 2026-10-03"
ML-MAWS,IQ-TREE (strand),sim_hgt_1000,Simulated HGT=1000 (33 taxa),avg_bootstrap_percent,33.4,reported,"Saha, Das, Sarkar and Hasan, ML-MAWS, arXiv:2606.25584v2 (2026-07-17), Table III; HTML version read 2026-10-03"
ML-MAWS,IQ-TREE (strand),sim_hgt_1000,Simulated HGT=1000 (33 taxa),branches_ge_70_percent,20.0,reported,"Saha, Das, Sarkar and Hasan, ML-MAWS, arXiv:2606.25584v2 (2026-07-17), Table III; HTML version read 2026-10-03"
ML-MAWS,NoStrand,sim_hgt_1000,Simulated HGT=1000 (33 taxa),nRF,0.600,reported,"Saha, Das, Sarkar and Hasan, ML-MAWS, arXiv:2606.25584v2 (2026-07-17), Table III; HTML version read 2026-10-03"
ML-MAWS,NoStrand,sim_hgt_1000,Simulated HGT=1000 (33 taxa),nQD,0.412,reported,"Saha, Das, Sarkar and Hasan, ML-MAWS, arXiv:2606.25584v2 (2026-07-17), Table III; HTML version read 2026-10-03"
ML-MAWS,NoStrand,sim_hgt_1000,Simulated HGT=1000 (33 taxa),avg_bootstrap_percent,43.0,reported,"Saha, Das, Sarkar and Hasan, ML-MAWS, arXiv:2606.25584v2 (2026-07-17), Table III; HTML version read 2026-10-03"
ML-MAWS,NoStrand,sim_hgt_1000,Simulated HGT=1000 (33 taxa),branches_ge_70_percent,26.7,reported,"Saha, Das, Sarkar and Hasan, ML-MAWS, arXiv:2606.25584v2 (2026-07-17), Table III; HTML version read 2026-10-03"
