taxon	halo	consistent_weight	total_weight
Species1	0.362574	1798.364884	4960.000000
Species10	0.355481	1763.187457	4960.000000
Species11	0.372858	1849.375928	4960.000000
Species12	0.365502	1812.890699	4960.000000
Species13	0.365341	1812.093319	4960.000000
Species14	0.362040	1795.719952	4960.000000
Species15	0.365114	1810.967911	4960.000000
Species16	0.352883	1750.300261	4960.000000
Species17	0.400969	1988.805462	4960.000000
Species18	0.369774	1834.081318	4960.000000
Species19	0.411688	2041.972030	4960.000000
Species2	0.372844	1849.306688	4960.000000
Species20	0.353360	1752.666704	4960.000000
Species21	0.374818	1859.095470	4960.000000
Species22	0.369215	1831.304673	4960.000000
Species23	0.411841	2042.733719	4960.000000
Species24	0.388205	1925.496284	4960.000000
Species25	0.406204	2014.773844	4960.000000
Species26	0.363795	1804.424809	4960.000000
Species27	0.365233	1811.556890	4960.000000
Species28	0.375171	1860.847557	4960.000000
Species29	0.399874	1983.373861	4960.000000
Species3	0.372179	1846.007839	4960.000000
Species30	0.400434	1986.150975	4960.000000
Species31	0.373222	1851.178992	4960.000000
Species32	0.369562	1833.027329	4960.000000
Species33	0.372191	1846.066151	4960.000000
Species4	0.354472	1758.181698	4960.000000
Species5	0.364177	1806.315944	4960.000000
Species6	0.408559	2026.451396	4960.000000
Species7	0.353474	1753.231719	4960.000000
Species8	0.345784	1715.086495	4960.000000
Species9	0.385704	1913.090614	4960.000000
