edge	size	s1	consistent_weight	total_weight	quartets	clade
1	2	0.999785	464.900000	465.000000	465	Species3,Species33
2	2	0.493459	229.458333	465.000000	465	Species2,Species21
3	2	0.985032	458.040000	465.000000	465	Species18,Species32
4	3	0.583413	761.353333	1305.000000	1305	Species18,Species22,Species32
5	2	0.839903	390.555000	465.000000	465	Species24,Species9
6	5	0.465387	1759.161667	3780.000000	3780	Species18,Species22,Species24,Species32,Species9
7	2	0.344803	160.333333	465.000000	465	Species5,Species8
8	7	0.404574	2761.215000	6825.000000	6825	Species18,Species22,Species24,Species32,Species5,Species8,Species9
9	2	0.466817	217.070000	465.000000	465	Species15,Species27
10	2	0.995226	462.780000	465.000000	465	Species25,Species6
11	2	0.350606	163.031667	465.000000	465	Species13,Species26
12	4	0.457186	1113.705000	2436.000000	2436	Species13,Species25,Species26,Species6
13	5	0.412794	1560.360000	3780.000000	3780	Species13,Species25,Species26,Species6,Species7
14	7	0.390121	2662.575000	6825.000000	6825	Species13,Species15,Species25,Species26,Species27,Species6,Species7
15	2	0.347670	161.666667	465.000000	465	Species12,Species14
16	9	0.376688	3742.771667	9936.000000	9936	Species12,Species13,Species14,Species15,Species25,Species26,Species27,Species6,Species7
17	2	0.944416	439.153333	465.000000	465	Species11,Species31
18	3	0.774330	1010.500000	1305.000000	1305	Species11,Species28,Species31
19	2	0.349921	162.713333	465.000000	465	Species1,Species10
20	5	0.472075	1784.443333	3780.000000	3780	Species1,Species10,Species11,Species28,Species31
21	14	0.379329	5902.743333	15561.000000	15561	Species1,Species10,Species11,Species12,Species13,Species14,Species15,Species25,Species26,Species27,Species28,Species31,Species6,Species7
22	2	0.354380	164.786667	465.000000	465	Species16,Species4
23	16	0.377902	6167.355000	16320.000000	16320	Species1,Species10,Species11,Species12,Species13,Species14,Species15,Species16,Species25,Species26,Species27,Species28,Species31,Species4,Species6,Species7
24	23	0.393716	4482.460000	11385.000000	11385	Species1,Species10,Species11,Species12,Species13,Species14,Species15,Species16,Species18,Species22,Species24,Species25,Species26,Species27,Species28,Species31,Species32,Species4,Species5,Species6,Species7,Species8,Species9
25	2	0.999548	464.790000	465.000000	465	Species29,Species30
26	3	0.560844	731.901667	1305.000000	1305	Species20,Species29,Species30
27	26	0.419196	2861.015000	6825.000000	6825	Species1,Species10,Species11,Species12,Species13,Species14,Species15,Species16,Species18,Species20,Species22,Species24,Species25,Species26,Species27,Species28,Species29,Species30,Species31,Species32,Species4,Species5,Species6,Species7,Species8,Species9
28	28	0.476828	1802.410000	3780.000000	3780	Species1,Species10,Species11,Species12,Species13,Species14,Species15,Species16,Species18,Species2,Species20,Species21,Species22,Species24,Species25,Species26,Species27,Species28,Species29,Species30,Species31,Species32,Species4,Species5,Species6,Species7,Species8,Species9
29	30	0.532204	694.526667	1305.000000	1305	Species1,Species10,Species11,Species12,Species13,Species14,Species15,Species16,Species18,Species2,Species20,Species21,Species22,Species24,Species25,Species26,Species27,Species28,Species29,Species3,Species30,Species31,Species32,Species33,Species4,Species5,Species6,Species7,Species8,Species9
30	31	0.616659	286.746667	465.000000	465	Species1,Species10,Species11,Species12,Species13,Species14,Species15,Species16,Species17,Species18,Species2,Species20,Species21,Species22,Species24,Species25,Species26,Species27,Species28,Species29,Species3,Species30,Species31,Species32,Species33,Species4,Species5,Species6,Species7,Species8,Species9
