dataset	weights	source	nrf	nqd	msd	file
fish_mito	w2c	Q-MAWS primary run, seed 1	0.454545	0.370751	51	results/runs/fish_mito_2026-10-03_092551/audit/evaluation.json
fish_mito	w1	Q-MAWS variant of the seed-1 run (exploratory)	0.363636	0.143399	32	results/sensitivity/fish_mito/weights_w1/variant.json
fish_mito	w2a	Q-MAWS variant of the seed-1 run (exploratory)	0.681818	0.494071	71	results/sensitivity/fish_mito/weights_w2a/variant.json
fish_mito	w2b	Q-MAWS variant of the seed-1 run (exploratory)	0.636364	0.230593	40	results/sensitivity/fish_mito/weights_w2b/variant.json
ecoli	w2c	Q-MAWS primary run, seed 1	0.653846	0.416488	68	results/runs/ecoli_2026-10-03_080534/audit/evaluation.json
ecoli	w1	Q-MAWS variant of the seed-1 run (exploratory)	0.384615	0.218307	37	results/sensitivity/ecoli/weights_w1/variant.json
ecoli	w2a	Q-MAWS variant of the seed-1 run (exploratory)	0.730769	0.365837	78	results/sensitivity/ecoli/weights_w2a/variant.json
ecoli	w2b	Q-MAWS variant of the seed-1 run (exploratory)	0.576923	0.428487	81	results/sensitivity/ecoli/weights_w2b/variant.json
sim_hgt_0	w2c	Q-MAWS primary run, seed 1	0.533333	0.503495	91	results/runs/sim_hgt_0_seed1/audit/evaluation.json
sim_hgt_0	w1	Q-MAWS variant of the seed-1 run (exploratory)	0.366667	0.321994	83	results/sensitivity/sim_hgt_0/weights_w1/variant.json
sim_hgt_0	w2a	Q-MAWS variant of the seed-1 run (exploratory)	0.700000	0.446652	85	results/sensitivity/sim_hgt_0/weights_w2a/variant.json
sim_hgt_0	w2b	Q-MAWS variant of the seed-1 run (exploratory)	0.533333	0.330474	82	results/sensitivity/sim_hgt_0/weights_w2b/variant.json
sim_hgt_500	w2c	Q-MAWS primary run, seed 1	0.533333	0.438514	81	results/runs/sim_hgt_500_seed1/audit/evaluation.json
sim_hgt_500	w1	Q-MAWS variant of the seed-1 run (exploratory)	0.333333	0.319110	69	results/sensitivity/sim_hgt_500/weights_w1/variant.json
sim_hgt_500	w2a	Q-MAWS variant of the seed-1 run (exploratory)	0.700000	0.443402	94	results/sensitivity/sim_hgt_500/weights_w2a/variant.json
sim_hgt_500	w2b	Q-MAWS variant of the seed-1 run (exploratory)	0.500000	0.404888	83	results/sensitivity/sim_hgt_500/weights_w2b/variant.json
fish_mito	ML-MAWS IQ-TREE (strand)	reported (ML-MAWS Table III)	0.409	0.185	NA	baselines/published/ml_maws_table3.csv
ecoli	ML-MAWS IQ-TREE (strand)	reported (ML-MAWS Table III)	0.538	0.247	NA	baselines/published/ml_maws_table3.csv
sim_hgt_0	ML-MAWS IQ-TREE (strand)	reported (ML-MAWS Table III)	0.533	0.212	NA	baselines/published/ml_maws_table3.csv
sim_hgt_500	ML-MAWS IQ-TREE (strand)	reported (ML-MAWS Table III)	0.733	0.403	NA	baselines/published/ml_maws_table3.csv
