frame,percent_of_quartets,quartets,nrf_to_final
1,5.05,2068,0.666667
2,10.11,4136,0.633333
3,15.16,6204,0.600000
4,20.22,8272,0.533333
5,25.27,10340,0.566667
6,30.32,12408,0.533333
7,35.38,14476,0.500000
8,40.43,16544,0.500000
9,45.48,18612,0.466667
10,50.54,20680,0.500000
11,55.59,22748,0.500000
12,60.65,24816,0.500000
13,65.70,26884,0.500000
14,70.75,28952,0.466667
15,75.81,31020,0.500000
16,80.86,33088,0.533333
17,85.91,35156,0.533333
18,90.97,37224,0.466667
19,96.02,39292,0.466667
20,98.92,40480,0.333333
