tree_name	sequence_id
E._coli_S88	NC_011742
E._coli_K_12_substr_W3110	NC_007779
E._coli_IAI39	NC_011750
E._coli_APEC_O1	NC_008563
E._coli_C_ATCC_8739	NC_010468
E._coli_ED1a	NC_011745
E._coli_O157H7	NC_002695
E._coli_0127_H6_E2348_69	NC_011601
S._dysenteriae_Sd197	NC_007606
S._flexneri_2a_2457T	NC_004741
E._coli_HS	NC_009800
S._boydii_CDC_3083_94	NC_010658
S._flexneri_5_8401	NC_008258
E._coli_CFT073	NC_004431
S._sonnei_046	NC_007384
E._coli_E24377A	NC_009801
E._coli_IAI1	NC_011741
S._flexneri_2a	NC_004337
E._coli_SMS_3_5	NC_010498
S._boydii_227	NC_007613
E._coli_SE11	NC_011415
E._coli_UMN026	NC_011751
E._coli_UTI89	NC_007946
E._coli_O157H7_EDL933	NC_002655
E._coli_K_12_substr_MG1655	NC_000913
E._coli_55989	NC_011748
E._coli_536	NC_008253
