accession	name	table_text	version
HM370969	A/turkey/Ontario/FAV110-4/2009(H1N1)	A/turkey/Ontario/FAV110-4/2009(H1N1)	HM370969.1
CY138562	A/mallard/Nova Scotia/00088/2010(H1N1)	A/mallard/Nova Scotia/00088/2010(H1N1)	CY138562.1
CY149630	A/thick-billed murre/Canada/1871/2011(H1N1)	A/thick-billed murre/Canada/1871/2011(H1N1)	CY149630.1
KC608160	A/duck/Guangxi/030D/2009(H1N1)	A/duck/Guangxi/030D/2009(H1N1)	KC608160.1
AM157358	A/mallard/France/691/2002(H1N1)	A/mallard/France/691/2002(H1N1)	AM157358.1
AB470663	A/duck/Hokkaido/w73/2007(H1N1)	A/duck/Hokkaido/w73/2007(H1N1)	AB470663.1
AB546159	A/pintail/Miyagi/1472/2008(H1N1)	A/pintail/Miyagi/1472/2008(H1N1)	AB546159.1
HQ897966	A/mallard/Korea/KNU YP09/2009(H1N1)	A/mallard/Korea/KNU YP09/2009(H1N1)	HQ897966.1
EU026046	A/mallard/Maryland/352/2002(H1N1)	A/mallard/Maryland/352/2002(H1N1)	EU026046.2
FJ357114	A/mallard/Maryland/26/2003(H1N1)	A/mallard/Maryland/26/2003(H1N1)	FJ357114.1
GQ411894	A/dunlin/Alaska/44421-660/2008(H1N1)	A/dunlin/Alaska/44421-660/2008(H1N1)	GQ411894.1
CY140047	A/mallard/Minnesota/Sg-00620/2008(H1N1)	A/mallard/Minnesota/Sg-00620/2008(H1N1)	CY140047.1
KM244078	A/turkey/Virginia/4135/2014(H1N1)	A/turkey/Virginia/4135/2014(H1N1)	KM244078.1
HQ185381	A/chicken/Eastern China/XH222/2008(H5N1)	A/chicken/Eastern China/XH222/2008(H5N1)	HQ185381.1
HQ185383	A/duck/Eastern China/JS017/2009(H5N1)	A/duck/Eastern China/JS017/2009(H5N1)	HQ185383.1
EU635875	A/chicken/Yunnan/chuxiong01/2005(H5N1)	A/chicken/Yunnan/chuxiong01/2005(H5N1)	EU635875.1
FM177121	A/chicken/Germany/R3234/2007(H5N1)	A/chicken/Germany/R3234/2007(H5N1)	FM177121.1
AM914017	A/domestic duck/Germany/R1772/2007(H5N1)	A/domestic duck/Germany/R1772/2007(H5N1)	AM914017.1
KF572435	A/wild bird/Hong Kong/07035-1/2011(H5N1)	A/wild bird/Hong Kong/07035-1/2011(H5N1)	KF572435.1
AF509102	A/Chicken/Hong Kong/822.1/01 (H5N1)	A/Chicken/Hong Kong/822.1/01 (H5N1)	AF509102.2
AB684161	A/chicken/Miyazaki/10/2011(H5N1)	A/chicken/Miyazaki/10/2011(H5N1)	AB684161.1
EF541464	A/chicken/Korea/es/2003(H5N1)	A/chicken/Korea/es/2003(H5N1)	EF541464.1
JF699677	A/mandarin duck/Korea/K10-483/2010(H5N1)	A/mandarin duck/Korea/K10-483/2010(H5N1)	JF699677.1
GU186511	A/turkey/VA/505477-18/2007(H5N1)	A/turkey/VA/505477-18/2007(H5N1)	GU186511.1
EU500854	A/American black duck/NB/2538/2007(H7N3)	A/American black duck/NB/2538/2007(H7N3)	EU500854.1
CY129336	A/American black duck/New Brunswick/02490/2007(H7N3)	A/American black duck/New Brunswick/02490/2007(H7N3)	CY129336.1
CY076231	A/American green-winged teal/California/44242-906/2007(H7N3)	A/American green-winged teal/California/44242-906/2007(H7N3)	CY076231.1
CY039321	A/avian/Delaware Bay/226/2006(H7N3)	A/avian/Delaware Bay/226/2006(H7N3)	CY039321.1
AY646080	A/chicken/British Columbia/GSC_human_B/04(H7N3)	A/chicken/British Columbia/GSC_human_B/04(H7N3)	AY646080.1
KF259734	A/chicken/Rizhao/713/2013(H7N9)	A/chicken/Rizhao/713/2013(H7N9)	KF259734.1
KF938945	A/chicken/Jiangsu/1021/2013(H7N9)	A/chicken/Jiangsu/1021/2013(H7N9)	KF938945.1
KF259688	A/duck/Jiangxi/3096/2009(H7N9)	A/duck/Jiangxi/3096/2009(H7N9)	KF259688.1
KC609801	A/wild duck/Korea/SH19-47/2010(H7N9)	A/wild duck/Korea/SH19-47/2010(H7N9)	KC609801.1
CY014788	A/turkey/Minnesota/1/1988(H7N9)	A/turkey/Minnesota/1/1988(H7N9)	CY014788.1
CY186004	A/mallard/Minnesota/AI09-3770/2009(H7N9)	A/mallard/Minnesota/AI09-3770/2009(H7N9)	CY186004.1
DQ017487	A/mallard/Postdam/178-4/1983(H2N2)	A/mallard/Postdam/178-4/1983(H2N2)	DQ017487.1
CY005540	A/duck/Hong Kong/319/1978(H2N2)	A/duck/Hong Kong/319/1978(H2N2)	CY005540.1
JX081142	A/emperor goose/Alaska/44297-260/2007(H2N2)	A/emperor goose/Alaska/44297-260/2007(H2N2)	JX081142.1
